question;answer
"""Est-ce qu’une personne physique soumise à l’impôt sur le revenu selon le régime forfaitaire dans la catégorie des « bénéfices industriels et commerciaux » est soumise à la TFP ?""";"""Les personnes physiques soumises à l'impôt sur le revenu selon le régime forfaitaire d'imposition ne sont pas soumises à la TFP."""
"""Est-ce que les rémunérations du gérant d’une société unipersonnelle à responsabilité limitée sont déductibles ?""";"""Les rémunérations du gérant d'une SUARL sont déductibles pour la détermination de l'assiette soumise à l'IS. La déduction se limite aux montants et à la valeur des avantages accordés au gérant en contrepartie de son activité au sein de la société en sa dite qualité, à condition qu'ils ne soient pas exagérés."""
"""Si l’employeur refuse l’application de l’article 26 de la loi de finances complémentaire pour l’année 2015, est-ce que le salarié peut bénéficier de la déduction des intérêts de la base de l’impôt annuel lors du dépôt de sa déclaration ?""";"""La déduction aura lieu du revenu global lors du dépôt de la déclaration annuelle de l'impôt dû."""
"""Quel est le taux de la retenue à la source à appliquer sur une facture de service rendu au profit d’une société totalement exportatrice ?""";"""Les montants égaux ou supérieurs à 1000 D TTC payés par les sociétés totalement exportatrices en contrepartie de services nécessaires à leur activité sont soumis à la retenue à la source au taux de 0.5%."""
"""Est-ce que les associations sont soumises à l’IS ?""";"""Les associations sont hors champ d'application de l'impôt sur les sociétés, mais ce dernier s'applique à celles qui n'exercent pas leur activité conformément à la législation les régissant."""
"""Quel est le taux d’amortissement des frais préliminaires ?""";"""Les taux maximum des amortissements linéaires relatifs aux frais préliminaires sont fixés par le décret n°2008-492 du 25 février 2008 à 100%."""
"""Quels sont les droits d’enregistrement d’un contrat de location d’un local à usage commercial ?""";"""Les baux de biens immeubles autres que ceux destinés à l'habitation sont enregistrés au taux proportionnel fixé à 1% du prix total du bail, déclaré dans le contrat."""
"""Quel est le taux de retenue à la source applicable sur les jeux de pari ?""";"""Le taux de retenue à la source applicable sur les revenus réalisés des jeux de pari, de hasard et de loterie est de 25 %."""
"""Quelles sont les mentions obligatoires qui doivent être portées au bon de sortie ?""";"""Le bon de sortie doit comporter la nature et la quantité des marchandises transportées, sa date d'émission, ainsi que le numéro d'immatriculation du moyen de transport. (Paragraphe III article 18 du code de la TVA)."""
"""Quelles sont les obligations déclaratives d’une personne physique ayant des bénéfices industriels et commerciaux (BIC) soumise au régime forfaitaire ?""";"""Dépôt d'une déclaration d'existence, avant d'entamer l'activité (art 56 du code de l'IRPP et de l'IS), dépôt de la déclaration annuelle de l'impôt, déclaration trimestrielle relative à la retenue à la source et au FOPROLOS, déclaration d'employeur."""
"""Quel est le délai de paiement de la taxe de circulation pour les véhicules automobiles portant des numéros d'immatriculation pairs ?""";"""Jusqu'au 5 mars pour les véhicules automobiles portant des numéros d'immatriculation pairs et appartenant à des personnes physiques."""
"""En 2016, quel est le pourcentage de chiffre d’affaires qu’une entreprise totalement exportatrice industrielle peut écouler sur le marché local ?""";"""En 2016, les entreprises totalement exportatrices industrielles peuvent écouler localement une partie de leur production dans la limite de 30% de leur chiffre d'affaires à l'exportation départ usine réalisé durant l'année civile précédente (article 16 du code d'incitation aux investissements)."""
"""Quelles sont les obligations déclaratives avant de commencer l'activité ?""";"""Toute personne physique ou morale exerçant une activité industrielle commerciale artisanale ou de service ou exerçant une profession non commerciale doit avant de commencer l’activité se faire connaître auprès des services fiscaux au moyen d’une déclaration dite déclaration d’existence (article 56 du code d’impôt sur le revenu des personnes physiques et de l’impôt sur les sociétés). Cette déclaration doit être déposée auprès"""
"""Quelles sont les obligations déclaratives des personnes soumises au régime forfaitaire en cours d'activité ?""";"""Les personnes soumises au régime forfaitaire doivent déposer : une déclaration mensuelle au titre de la retenue à la source, la contribution au FOPROLOS si elles sont employeurs, des déclarations au titre des trois acomptes provisionnels, une déclaration annuelle au titre de l'impôt sur le revenu et des taxes revenant aux collectivités locales."""
"""Quelles sont les obligations déclaratives à la fin de l'activité ?""";"""Toute personne physique ou morale doit à la fin de l'activité déposer une déclaration de cessation dans un délai de 15 jours à partir de la date de la cession ou de la fermeture définitive de l'entreprise avec paiement des droits dus. La cessation n'est prononcée qu'après vérification fiscale pour la période non prescrite."""
"""Quels sont les documents à joindre à la déclaration annuelle des personnes physiques soumises au régime réel et des personnes morales ?""";"""Les personnes physiques soumises au régime réel et les personnes morales doivent fournir à l'appui de leur déclaration annuelle : les états financiers, un tableau de détermination du résultat fiscal à partir du résultat comptable, un relevé détaillé des amortissements, un relevé détaillé des provisions,
Un relevé détaillé des dons et subventions accordés indiquant l'identité des bénéficiaires et les montants qui leur ont été accordés."""
"""Quelles sont les obligations relatives aux factures et aux titres de mouvement prévues par la législation fiscale ?""";"""Selon la législation fiscale tunisienne, les contribuables doivent émettre des factures pour chaque vente de biens ou prestation de services, en respectant les mentions obligatoires telles que le numéro de la facture, la date, l'identité des parties, la nature et la quantité des biens ou services, le prix unitaire et total, ainsi que le montant de la TVA le cas échéant. Les factures doivent être conservées pendant une durée légale minimale (souvent 10 ans) à des fins de contrôle. Quant aux titres de mouvement (documents accompagnant le transport des biens), ils doivent également comporter des informations précises permettant de tracer la circulation des marchandises, et doivent être présentés en cas de contrôle fiscal pour justifier la régularité des opérations. Le non-respect de ces obligations peut entraîner des sanctions fiscales, notamment des pénalités et le rejet de la déduction de la TVA."""
"""Quelles sont les obligations comptables des personnes soumises au régime réel ?""";"""Les personnes physiques ou morales soumises au régime réel en Tunisie doivent tenir une comptabilité régulière et sincère, conforme aux règles comptables nationales. Elles doivent enregistrer toutes les opérations commerciales, financières et patrimoniales dans des livres comptables obligatoires : journal, grand livre, livre d'inventaire. Elles doivent également établir des états financiers annuels, comprenant un bilan, un compte de résultat et une annexe, afin de justifier leurs résultats fiscaux auprès de l'administration. Ces documents doivent être conservés pendant au moins 10 ans. Le non-respect de ces obligations peut entraîner des sanctions fiscales et pénales."""
"""Quelles sont les obligations comptables des personnes physiques bénéficiaires du régime forfaitaire de détermination du revenu au titre des revenus non commerciaux et fonciers ?""";"""Elles doivent tenir un registre côté et paraphé par les services des impôts sur lequel sont portées au jour le jour, les recettes et les dépenses"""
"""Quelles sont les obligations comptables des personnes soumises au régime réel simplifié ?""";"""Les personnes physiques soumises à l'impôt sur le revenu au titre des bénéfices industriels et commerciaux selon le régime réel simplifié et dont le chiffre d'affaires annuel n'excède pas 100.000 dinars, doivent tenir : un registre côté et paraphé par les services du contrôle fiscal sur lequel sont portés au jour le jour les recettes brutes et les charges sur la base des pièces justificatives, un livre d'inventaire côté et paraphé par les services du contrôle fiscal où sont enregistrés annuellement les immobilisations et les stocks"""
"""Quelles sont les obligations comptables des personnes physiques bénéficiaires du régime forfaitaire d'imposition en matière de bénéfices industriels et commerciaux ?""";"""Elles doivent tenir un registre côté et paraphé par les services des impôts sur lequel sont portées les recettes et les dépenses."""
"""Quelle est la date de prescription pour les vignettes ?""";"""Les omissions et les erreurs constatées dans la liquidation des taxes de circulation sur les véhicules automobiles peuvent être réparées jusqu'à l'expiration de la 4ième année civile qui suit l'année civile au cours de laquelle l'impôt est dû tant qu'il n'a pas été prouvé que le véhicule est hors usage, et ce suite à la présentation d'une attestation délivrée par les services du ministère chargé du transport justifiant que le véhicule est hors d'usage ou un document justifiant sa non circulation délivrée par les services compétents."""
"""Quelles sont les conditions de restitution des droits d’enregistrement au titre de l’achat de terres agricoles réalisés dans une activité concourant au développement agricole ?""";"""Toute déclaration d'investissement dans l'agriculture ouvre droit au remboursement des droits de mutation acquittés lors de l'achat des terres agricoles objet de l'investissement à condition de justifier le commencement des travaux relatifs audit investissement par une attestation délivrée par les services concernés de l'APIA. Ce droit est prescrit une année après la date de dépôt de déclaration d'investissement. (Article 30 du CII)."""
"""Quels sont les droits d’enregistrement exigibles pour l’acquisition de terrains destinés à la construction d’immeubles individuels à usage d’habitation ?""";"""Les acquisitions de terrains destinés à la construction d'immeubles individuels à usage d'habitation sont enregistrées aux droits progressifs suivants : jusqu'à 120 m² : 1 %, de 120,001 m² à 300 m² : 2 %, de 300,001 m² à 600 m² : 3 %, du-delà de 600 m² : 5 %"""
"""Quels sont les droits d’enregistrement exigibles pour l’acquisition d’habitation auprès d’un promoteur immobilier ?""";"""L'enregistrement du contrat d'acquisition de logements construits par un promoteur immobilier est soumis au droit proportionnel réduit de 3%."""
"""Quels sont les droits d’enregistrement exigibles sur les annexes des contrats de marché ?""";"""Les annexes des contrats de marché comportant augmentation de la valeur du marché sont soumises aux mêmes formalités relatives à l'enregistrement des marchés (droit d'enregistrement fixé à 0,5% et exonération des droits de timbre) et les autres annexes sont soumises à 20 dinars par annexe."""
"""Quels sont les droits d’enregistrement exigibles sur un contrat de location d’immeuble à usage professionnel ?""";"""Les baux de biens immeubles autres que ceux destinés à l'habitation sont enregistrés au taux proportionnel fixé à 1% du montant du loyer sans dépasser le loyer annuel."""
"""Doit-on présenter sa comptabilité aux agents de l'administration fiscale ?""";"""Oui, la comptabilité, les registres ainsi que les programmes, logiciels et applications informatiques utilisés pour l'arrêté des comptes et l'établissement des déclarations fiscales doivent être communiquées aux agents de l'administration fiscale dans les cas suivants : à leur demande et dans le cas d'une vérification fiscale approfondie, sur place et ce dans le cadre de l'exercice du droit de communication."""
"""Quelle est la durée de conservation de la comptabilité ?""";"""Les registres et les documents comptables doivent être conservés pendant une période qui ne peut être inférieure à dix ans."""
"""En quoi consiste la vérification préliminaire des déclarations, actes et écrits ?""";"""Cette vérification a pour but de rectifier les erreurs apparentes entachant les déclarations et ce sur la base des renseignements et documents dont dispose l'administration. Elle se déroule dans les bureaux de l'administration et ne nécessite pas l'information préalable du contribuable. Elle peut porter sur une ou plusieurs déclarations, un ou plusieurs impôts, elle ne met pas obstacle à une vérification ultérieure approfondie."""
"""Quelles sont les garanties offertes au contribuable lors d'une vérification préliminaire ?""";"""Le contribuable, informé par écrit des résultats de la vérification préliminaire, bénéficie d'un délai de trente jours à compter de la notification des résultats pour formuler ses observations. Il peut se faire assister par un conseil de son choix ou se faire représenter par un mandataire conformément à la loi."""
"""En quoi consiste la vérification approfondie de la situation fiscale du contribuable ?""";"""La vérification approfondie porte sur tout ou partie de la situation fiscale du contribuable. Elle est subordonnée à la notification d'un avis préalable au contribuable, au moins 15 jours avant son commencement."""
"""Comment se déclenche la vérification approfondie de la situation fiscale ?""";"""La vérification approfondie commence dans un délai minimum de 15 jours à partir de la notification de l'avis de vérification qui doit mentionner notamment les impôts et les années concernés."""
"""Quelle est la période vérifiable ?""";"""L'administration peut vérifier les impôts dans les délais suivants :   4 ans pour les impôts déclarés, 10 ans en cas de défaut de déclaration de l'impôt, 10 ans pour les droits de timbre dans tous les cas."""
"""Dans quel cas l'administration fiscale a-t-elle le droit de vérifier une période prescrite ?""";"""Elle peut vérifier une période prescrite en cas d'imputation de déficits reportés, d'amortissements différés ou de crédits d'impôt provenant des années prescrites ayant un effet sur les résultats ou sur le montant de l'impôt déclaré au titre des années non prescrites.   Cependant, cette vérification ne peut pas aboutir à une réclamation d'impôt supplémentaire sur les périodes prescrites."""
"""Quels sont les agents habilités à procéder à la vérification fiscale ?""";"""La vérification est effectuée par des agents de l'administration fiscale qui doivent être assermentés, présenter leur carte professionnelle et une copie de l'avis de vérification avant toute opération."""
"""Par qui le contribuable peut-il se faire assister ou représenter lors d'une vérification fiscale approfondie ?""";"""Le contribuable peut se faire assister par une personne de son choix ou se faire représenter par un mandataire conformément à la loi."""
"""Où se déroule la vérification fiscale approfondie ?""";"""Elle s'effectue dans les locaux de l'entreprise ou dans les bureaux de l'administration. Dans ce dernier cas, les échanges de registres et documents se font contre récépissés."""
"""Quelle est la durée de la vérification fiscale approfondie ?""";"""La durée ne doit pas dépasser 6 mois à partir du commencement effectif lorsque la vérification s'effectue sur la base d'une comptabilité, et 1 an dans les autres cas."""
""" La vérification fiscale approfondie peut-elle être interrompue ?""";"""Oui, à l'initiative de l'administration fiscale ou à la demande écrite et motivée du contribuable, pour une durée ne dépassant pas 60 jours.  
Les interruptions pour motifs attribués au contribuable ou à l'administration, dûment justifiées par correspondances, ne sont pas comptées dans la durée totale de la vérification."""
"""Comment est clôturée la vérification fiscale approfondie ?""";"""La vérification approfondie est clôturée par la notification au contribuable, par écrit, des redressements relatifs à sa situation fiscale et ce par les agents de l'administration fiscale, ou par lettre recommandée avec accusé de réception, ou par officiers des services financiers ou par huissiers-notaire. """
"""Quelles sont les conséquences de l’opposition par écrit du contribuable aux résultats de la vérification ?""";"""Lorsque le contribuable formule par écrit son opposition aux résultats de la vérification fiscale dans les délais légaux, cela suspend généralement la procédure de redressement jusqu’à ce que sa contestation soit examinée. L’administration fiscale doit alors instruire la réclamation, qui peut déboucher sur un accord amiable, une modification de l’avis initial, ou le maintien des rectifications. En cas de désaccord persistant, le contribuable peut saisir les commissions compétentes ou le tribunal administratif pour trancher le différend. Pendant cette période, le contribuable doit toutefois respecter ses obligations de paiement, sauf décision contraire de l’administration ou garantie fournie"""
"""L'administration est-elle en droit de vérifier de nouveau un contribuable vérifié ?""";"""La vérification approfondie est en principe définitive. Elle peut être exceptionnellement reprise pour la même période et pour les mêmes impôts en cas d'obtention de renseignements touchant à l'assiette et à la liquidation de l'impôt et dont l'administration n'a pas eu connaissance lors de la première vérification."""
"""Quelles sont les conséquences de la notification des résultats de la vérification fiscale ?""";"""La notification des résultats interrompt la prescription fiscale. Elle peut entraîner l’acceptation des redressements, une contestation formelle par le contribuable, ou le lancement d’une procédure contentieuse."""
"""L'administration est-elle en droit de vérifier de nouveau un contribuable vérifié ?""";"""La vérification approfondie est en principe définitive. Elle peut être exceptionnellement reprise pour la même période et pour les mêmes impôts en cas d'obtention de renseignements touchant à l'assiette et à la liquidation de l'impôt et dont l'administration n'a pas eu connaissance lors de la première vérification."""
"""Peut-on se faire restituer les impôts payés en trop ?""";"""Oui, les montants payés en trop peuvent être restitués dans un délai maximum de 3 ans à compter de la date à partir de laquelle l'impôt est devenu restituable, et au plus tard dans un délai de 5 ans à partir de la date du recouvrement."""
"""Quelles sont les formalités à suivre pour se faire restituer les impôts payés en trop ?""";"""La restitution du trop perçu nécessite : la présentation d’une demande écrite et motivée auprès des services de l'administration fiscale, la justification du dépôt des déclarations échues à la date de la demande."""
"""Quel est le délai de réponse de l'administration aux demandes en restitutions ?""";"""Délai général : 6 mois à compter de la date de la demande. """
"""Peut-on suspendre l'exécution de l'arrêté de taxation d'office ?""";"""L'exécution de l'arrêté de taxation d'office peut être suspendue si le contribuable engage un recours contentieux et fournit une garantie suffisante à l'administration, telle qu'un cautionnement ou un dépôt, conformément à la législation fiscale en vigueur."""
"""Quelles sont les procédures d'opposition à l'arrêté de taxation d'office ?""";"""L'opposition à l'arrêté de taxation d'office s'effectue dans un délai de 60 jours à compter de la date de la notification de l'arrêté, et ce, devant le tribunal de première instance dans la circonscription duquel se trouve le service de l'administration fiscale en charge du dossier, l'acceptation de l'opposition n'est pas conditionnée par le paiement de 20% du montant de l'impôt en principal objet de l'opposition ou par la production d'une caution bancaire pour le même montant."""
"""Peut-on transiger en matière fiscale ?""";"""Les infractions fiscales pénales peuvent faire l'objet de transaction avant le prononcé d'un jugement définitif, et ce, à l'exclusion des infractions relatives à la contrefaçon ou la falsification des timbres et des marques de l'Etat et au respect du secret professionnel."""
"""Est-ce qu’une société ayant pour activité l’élevage des animaux est soumise à la TCL ?""";"""Toutes les personnes morales soumises à l'impôt sur les sociétés sont soumises à la TCL."""
"""Les logements de fonction sont-ils soumis à la taxe sur les immeubles bâtis ?""";"""Les immeubles à usage d’habitation mis à la disposition des salariés sont soumis à la taxe sur les immeubles bâtis. Toutefois, les immeubles appartenant à l’Etat, aux établissements publics à caractère administratif ou aux collectivités locales et mis à la disposition des fonctionnaires gratuitement sont exonérés de ladite taxe."""
"""Q: Les terrains non bâtis appartenant aux promoteurs immobiliers sont-ils soumis à la taxe sur les terrains non bâtis ?""";"""Sont soumis à la taxe sur les terrains non bâtis les terrains non bâtis situés dans les zones relevant des collectivités locales. L’article 32 du code de la fiscalité locale a prévu l’exonération de cette taxe notamment, des terrains non bâtis situés dans les zones industrielles, d’habitation, de tourisme et dans les zones à usage artisanal ou professionnel et lotis conformément à la législation et à la réglementation en vigueur tant qu’ils n’ont pas fait l’objet de cession par le lotisseur."""
"""Une société totalement exportatrice est-elle soumise à la taxe sur les immeubles bâtis pour les locaux loués destinés à l’exercice de son activité ?""";"""Conformément à l’article 12 du code d’incitation aux investissements, les sociétés totalement exportatrices sont soumises notamment à la taxe d’entretien et d’assainissement qui a été remplacée en vertu de l'article 5 de la loi de promulgation du code de la fiscalité locale par la taxe sur les immeubles bâtis."""
"""Quelles sont les personnes redevables de la taxe sur les établissements à caractère industriel, commercial ou professionnel (TCL) ?""";"""Sont soumises à la TCL notamment : les personnes physiques soumises à l’impôt sur le revenu au titre des bénéfices industriels et commerciaux et des bénéfices des professions non commerciales, les personnes morales soumises à l’impôt sur les sociétés, les groupements d’intérêts économiques, les sociétés de personnes et les associations en participations exerçant une activité commerciale ou une profession non commerciale."""
"""Comment est calculée la TCL en cas de réalisation d’un déficit au cours d’un exercice ?""";"""En cas de réalisation d’un déficit appuyé par une comptabilité conforme à la législation comptable des entreprises, la « TCL » due au titre de l’année qui suit l’année de réalisation du déficit est calculée sur la base de 25% du minimum de l’impôt sur le revenu ou de l’impôt sur les sociétés prévus par les articles 44 et 49 du code de l’impôt sur le revenu des personnes physiques et de l’impôt sur les sociétés. Sachant que le résultat pris en compte est le résultat fiscal et non comptable."""
"""Comment est calculé le minimum de la « TCL » en cas d’exercice de deux ou plusieurs activités dans un même immeuble ?""";"""Le minimum de la TCL est dû par chaque personne exerçant une activité soumise à ladite taxe. Il s'ensuit qu'en cas d'exercice de deux ou plusieurs activités dans le même local, chaque personne exerçant une activité soumise à la TCL est redevable du minimum de ladite taxe. Ce minimum est calculé pour chaque activité sur la base de toute la superficie couverte de l'immeuble en question."""
"""Quels sont les services pris en compte pour le calcul de la taxe sur les immeubles bâtis et du minimum de la taxe sur les immeubles à caractère industriel, commercial ou professionnel ?""";"""Les services pris en compte pour le calcul de la taxe sur les immeubles bâtis et le minimum de la TCL sont : le nettoiement, l’existence de l’éclairage public, l’existence de chaussées goudronnées, l’existence du dallage des trottoirs, l’existence de réseaux d’évacuation des eaux usées, l’existence de réseaux d’évacuation des eaux pluviales."""
"""Quelles sont les modalités du calcul de la taxe sur les terrains non bâtis ?""";"""La taxe sur les terrains non bâtis peut être calculée soit : Sur la base de la valeur vénale réelle : Dans ce cas la taxe est égale à 0,3% de la valeur vénale réelle des terrains non bâtis. Ladite valeur est fixée sur la base du prix déclaré dans le contrat de vente. Sur la base d'une taxe de référence fixée par décret."""
"""Est-ce que les collectivités locales qui abritent des établissements relevant d'entreprises situées dans d’autres collectivités locales peuvent avoir une quote-part de la TCL ?""";"""Pour les entreprises dont l’activité s’étend sur plusieurs collectivités locales, la TCL est répartie entre les collectivités locales concernées et ce sur la base de la superficie couverte de chaque établissement situé à l’intérieur de chaque collectivité avec un minimum égal à la taxe sur les terrains non bâtis de l'immeuble situé dans la collectivité locale concernée."""
"""Quel est le taux de la retenue à la source au titre de la TVA applicable sur les marchés publics ?""";"""Les services de l'Etat sont tenus d'effectuer une retenue au taux de 25 % (à partir du 1er janvier 2016) sur le montant de la TVA applicable aux montants égaux ou supérieurs à 1000 DT y compris la TVA payée au titre de leurs acquisitions de marchandises, de matériels, de biens d'équipements, de services, des immeubles et de fonds de commerce."""
"""Quel est le régime en matière de TVA des écoles privées ?""";"""Les écoles privées sont soumises à la TVA au taux de 6 % à partir du 1er septembre 2016 et il faut s'adresser au bureau de contrôle compétent pour mettre à jour la patente."""
"""Quelle est la date limite de dépôt de la liste des factures d’achat relative aux bons de commande utilisés durant le 2ième trimestre pour une société totalement exportatrice ?""";"""La date limite est le 28ième jour qui suit le trimestre civil, en l'occurrence : le 28 juillet."""
"""Est-ce que les factures d’avoir doivent être déclarées dans les déclarations mensuelles de TVA ?""";"""L'obligation des assujettis de joindre à leur déclaration mensuelle un état indiquant la TVA perçue à l'occasion d'affaires qui sont, par la suite, résiliées ou annulées, a été abrogée par l'article 89 de la loi de finances pour l'année 2014."""
"""Quelle est la date d’effet d’assujettissement à la TVA au taux de 6 % des écoles privées ?""";"""Les services de l'enseignement et les services connexes sont soumis à la TVA au taux de 6 % à partir du 1er septembre 2016."""
"""Quel est le taux de la retenue à la source à appliquer sur la TVA relative aux montants supérieurs à 1000 DT payés par les services de l’Etat à partir du 01/01/2016 ?""";"""Les services de l'Etat, des collectivités locales, des entreprises et établissements publics sont tenus d'effectuer une retenue à la source au taux de 25% sur le montant de la TVA applicable aux montants égaux ou supérieurs à 1000 dinars y compris la TVA, au titre de leurs acquisitions de marchandises, matériels, biens d'équipements, services, immeubles et fonds de commerce et ce à partir du 01/01/2016 (article 19 bis du code de la TVA)."""
"""Est-ce que la vente d’un terrain non loti par un promoteur immobilier est soumise à la TVA ?""";"""Toutes les ventes des terrains lotis ou non lotis par les promoteurs immobiliers sont soumises à la TVA au taux de 18%, et ce, sur la base du prix de vente tous frais, droits et taxes inclus à l'exclusion de la TVA. (NC17/2016)."""
"""Est-ce que la rétribution provisoire ou accidentelle est imposable ?""";"""Toute rétribution provisoire ou accidentelle servie en sus du traitement et des indemnités régulières par le même employeur est soumise à une retenue sur son montant net, en fonction du traitement annuel imposable à l'impôt sur le revenu (paragraphe II de l'article 53 du code de l'IRPP et de l'IS)."""
"""Quelle est la base d’imposition à la TFP ?""";"""La TFP est due mensuellement sur la base du montant global des traitements, salaires y compris les avantages en nature avant toute déduction de retenue que ce soit au titre des cotisations sociales."""
"""Quel serait la base de calcul de la TCL pour une société totalement exportatrice enregistrant une perte justifiée par une comptabilité conforme à la législation ?""";"""En cas d'enregistrement d'une perte justifiée par une comptabilité conforme à la législation comptable des entreprises, la TCL est due aux taux de 25% du minimum d'impôt dû sur le chiffre d'affaires."""
""" Quel est le fait générateur de la TVA en cas de vente de marchandises (cas des commandes successives) ?""";"""Pour les ventes, le fait générateur de la TVA est constitué par la livraison de la marchandise. (article 5 du code de la TVA). Lorsqu'il s'agit de commandes successives, le fait générateur de la TVA est la livraison matérielle de la marchandise, et ce sans que le fait générateur ne soit postérieur à la date de la facture."""
"""Est-ce que les associations sont soumises à la TVA ?""";"""Les affaires à caractère philanthropique effectuées par les associations sont exonérées de la TVA (NC 14/2016), tandis que les autres opérations telles que les activités à caractère concurrentiel restent soumises à la TVA. Par conséquent, les associations sont considérées comme des assujettis partiels à la TVA."""
"""Quel est le taux de la TVA applicable aux médicaments et aux produits pharmaceutiques pour un pharmacien ?""";"""Les médicaments et les produits pharmaceutiques sont soumis à la TVA au taux de 6 % à partir du 1ier janvier 2016 (paragraphe I point 4 du tableau « B » nouveau annexé au code de la TVA), à l'exclusion des médicaments n'ayant pas de similaires fabriqués localement relatifs aux positions tarifaires 30.03 et 30.04 qui bénéficient de la suspension de la TVA."""
"""Quelle est la base de l’acompte provisionnel en cas de majoration du minimum d’impôt de 50 % ?""";"""Conformément aux articles 44 et 49 du code de l'IRPP et l'IS, le minimum d'impôt est majoré de 50% en cas de paiement après 30 jours de l'expiration des délais légaux. Cette majoration constitue un impôt et non pas des pénalités de retard et par voie de conséquence, elle fait partie de la base de calcul des acomptes provisionnels."""
"""Quel est le taux de la TVA applicable à l’activité d’ingénieur conseil ?""";"""Les services rendus par les ingénieurs conseils sont soumis à la TVA au taux de 12 % (II -3 du Tableau « B bis » nouveau annexé au code de la TVA)."""
"""Quels sont les secteurs soumis à la TVA ?""";"""La TVA s’applique aux activités de vente de biens et prestations de services réalisées en Tunisie, notamment le commerce, l’industrie, les services professionnels, la restauration, le transport, et la construction. Certaines activités spécifiques peuvent être exonérées ou soumises à des régimes particuliers."""
"""Peut-on opter pour le régime de la TVA ?""";"""Peuvent opter pour le régime de la TVA : les personnes physiques soumises à l’IRPP selon le régime forfaitaire (bénéfices industriels et commerciaux), les personnes exerçant une activité située hors champ d’application de la TVA. Les personnes exerçant une activité exonérée de la TVA et ce au titre des produits destinés à : l’exportation, l’approvisionnement des assujettis à la TVA."""
"""Est-ce que les assujettis à la TVA par option peuvent bénéficier d’un crédit de départ au titre des biens détenus à la date de l’option ?""";"""Oui. Ils peuvent bénéficier d’un crédit de départ correspondant à la TVA grevant les biens, matières, produits ou immobilisations détenus à la date d’effet de l’option, sous réserve que ces biens soient affectés à l’activité imposable et que la TVA initialement supportée soit justifiée par des factures conformes."""
"""Les opérations de ventes de biens par un importateur avant le dédouanement sont-elles imposables à la TVA ?""";"""L’opération de cession à quai des marchandises avant l’accomplissement des formalités douanières n’est pas soumise à la TVA au niveau du cédant. C’est l’acquéreur qui supporte les droits et taxes dus à l’importation y compris la TVA à l’occasion du dédouanement des biens objet de la cession."""
"""Dans quels cas les services sont imposables à la TVA en Tunisie ?""";"""Les services sont imposables à la TVA s’ils sont exploités ou utilisés en Tunisie, nonobstant le lieu de leur réalisation."""
"""Les suppléments de prix pour paiement à terme font-ils partie de l’assiette de la TVA ?""";"""La TVA s’applique sur le prix principal et toutes les charges augmentatives du prix. À titre d’exemple, les intérêts pour paiement à terme ou pour retard de paiement portés ou non sur la facture, arrêtés lors de la vente ou postérieurement, font partie intégrante de l'assiette taxable."""
"""Les frais et taxes avancés par un huissier notaire au nom et pour le compte de son client font-ils partie de l’assiette de la TVA ?""";"""Le chiffre d’affaires de l’huissier notaire comprend le prix des prestations de services y compris tous les frais, droits et taxes ainsi que la valeur des objets remis en paiement, à l’exclusion de : la TVA, les droits d’enregistrement et de timbre fiscal, les frais de poste relatifs aux lettres recommandées que les huissiers notaires paient au lieu et place de leurs clients."""
"""Les autres impôts indirects font-ils partie de l’assiette de la TVA ?""";"""L'assiette de la TVA comprend tous les impôts et droits indirects incorporés dans la valeur du produit vendu ou du service rendu : droits de douanes, droits de consommation, taxe professionnelle au profit du fonds de développement de la compétitivité industrielle (FODEC) et la taxe au profit du Fonds de maîtrise de l’énergie."""
"""Quel est le sort de la TVA relative à l’acquisition des vêtements de travail ?""";"""Est déductible de la TVA due sur le chiffre d’affaires la TVA payée au titre des vêtements de travail ou de protection utilisés par les employés pour les besoins de l’activité."""
"""Les majorations de prix pour rapidité d'exécution font-elles partie de l’assiette de la TVA ?""";"""Lorsque les parties conviennent que le prix est majoré d'une prime au titre de la livraison du bien ou de l’ouvrage avant le délai contractuel, le complément du prix y afférent fait partie de l'assiette taxable puisqu'il constitue un élément du prix global facturé, que la prime soit mentionnée au contrat initial ou dans les avenants"""
"""Régime fiscal applicable en matière de TVA aux travaux de chauffage central et sanitaires réalisés par un entrepreneur au profit d’une entreprise qui se charge d’importer ou d’acheter en son nom tout ou partie des fournitures prévues dans le contrat ?""";"""Conformément aux dispositions de l’article 9 du code de la TVA, lorsque deux entreprises sont liées par un contrat pour la réalisation d’un marché comportant fournitures d’équipements et réalisation de travaux, et que le maître de l’ouvrage importe ou achète en son nom tout ou partie des fournitures prévues dans le contrat, la TVA payée par le maître de l’ouvrage ouvre droit à déduction au niveau de l’entreprise qui a réalisé l’ouvrage."""
"""La retenue de garantie effectuée par le maître de l'ouvrage sur le coût du marché fait-t-elle partie de l’assiette de la TVA ?""";"""Le montant de la retenue de garantie inclus dans la facture ou le mémoire remis en contrepartie de la livraison de l'ouvrage ou des prestations fait partie de l'assiette taxable. Pour les opérations concernées par la retenue à la source en matière de TVA et dont le fait générateur coïncide avec l’encaissement, la retenue de garantie est soumise à la taxe sur la valeur ajoutée lors de l’encaissement."""
"""Quelles sont les obligations des assujettis à la TVA relatives à la facturation ?""";"""Les assujettis à la TVA doivent émettre des factures pour chaque vente ou prestation, comportant les mentions obligatoires (numéro, date, identité des parties, description, montant HT, taux et montant de la TVA). Ils doivent conserver ces factures pendant la durée légale et les présenter en cas de contrôle fiscal. Toute facture non conforme peut entraîner des sanctions."""
"""Quelle sont les procédures à suivre par une entreprise totalement exportatrice, pour obtenir l’exonération de la taxe unique des assurances au titre de ses contrats d’assurance ?""";"""L’entreprise totalement exportatrice doit adresser une demande en l’objet directement au Bureau de Contrôle des Impôts de la circonscription dont elle relève."""
""" Quelles sont les assurances obligatoires ?""";"""Les risques à couvrir obligatoirement sont : la responsabilité civile du fait de l’usage d'un véhicule terrestre à moteur et ses remorques, l’incendie pour les personnes exploitant une industrie, un commerce ou un établissement hôtelier, le transport maritime, aérien et terrestre des marchandises à l’importation, la responsabilité civile décennale des intervenants dans le domaine de la construction."""
"""Est-il possible de s’assurer à l’étranger ?""";"""Non. En vertu de l’article 44 du code des assurances, l’assurance des résidents et des risques situés en Tunisie ne peut être souscrite qu’auprès d’une entreprise d’assurances tunisienne, à l’exception de l’assurance de la responsabilité civile de l’armateur et du transporteur maritime."""
"""Est-il possible, pour un résident en Tunisie, de souscrire un contrat d’assurances en devises ?""";"""Oui. En vertu de l’article 21 du code des changes et du commerce extérieur, une dérogation exceptionnelle pourrait être accordée, le cas échéant, par le Gouverneur de la Banque Centrale après avis du Ministre des Finances, pour souscrire un contrat d’assurance en devises par un assuré résident auprès d’une entreprise d’assurances résidente. La dérogation prend en considération la nécessité et l’opportunité de l’opération."""
"""Quelles sont les procédures à prendre en cas de refus d’assurance de la responsabilité d’un conducteur de véhicule terrestre à moteur ?""";"""Toute personne assujettie à cette obligation d'assurance, ayant sollicité la conclusion d’un nouveau contrat d’assurance, la prorogation d’un contrat en vigueur, sa modification ou la reprise d'effet d'un contrat d'assurance suspendu, et se voyant opposer un refus, peut saisir, par lettre recommandée avec accusé de réception ou par tout autre moyen laissant une trace écrite, le Bureau Central de Tarification situé à 09 bis Rue New Delhi, Montplaisir, Tunis 1002."""
"""Quelle est la notion de ""non résidence"" sur le plan «change» ?""";"""Les entreprises totalement exportatrices sont considérées non résidentes lorsque leur capital est détenu par des non-résidents tunisiens ou étrangers au moyen d'une importation de devises convertibles au moins égale à 66% du capital."""
"""Combien une entreprise exportatrice peut-elle recruter de personnel étranger ?""";"""Les entreprises totalement exportatrices peuvent recruter des agents de direction et d'encadrement de nationalité étrangère dans la limite de quatre personnes pour chaque entreprise."""
""" Quels sont les avantages liés au développement régional ?""";"""L'API vous invite à consulter la rubrique : Développement régional."""
"""Quels sont les avantages accordés aux tunisiens résidents à l’Étranger ?""";"""Les tunisiens résidents à l’étranger ont la possibilité, dans le cadre d’un retour définitif ou provisoire, d’importer les équipements nécessaires à la création d’un projet (activité industrielle ou de services prévue par le code d’incitations aux investissements) et de bénéficier des avantages de la franchise douanière tel que prévu par l’article 28 de la loi des finances pour la gestion 2013 et le décret N°2013-4632 du 18 Novembre 2013."""
"""Quels sont les avantages accordés aux industries de première transformation de produits agricoles ?""";"""Avantages Fiscaux: La souscription au capital initial ou à son augmentation donne droit à la déduction des bénéfices ou revenus investis des revenus ou bénéfices nets soumis à l’impôt sur le revenu ou sur les sociétés. Déduction des bénéfices investis au sein même de la société sous réserve du minimum d’impôt. Réduction des droits de douane au taux de 12%, suspension de la TVA et droit de consommation dus à l’importation des équipements n’ayant pas de similaires fabriqués localement et suspension de la TVA sur les équipements fabriqués localement. Déduction des revenus et bénéfices provenant de ces investissements de l’assiette de l’impôt sur le revenu des personnes physiques et de l’impôt sur les sociétés durant les 10 premières années à partir de la date d’entrée en activité effective. Avantages Financiers: Prime d’investissement représentant 7% du coût de l’investissement. Cette prime est plafonnée à 300.000 DT pour les investissements de première transformation. Prime d’étude représentant 1% du coût total de l’investissement plafonnée à 5.000 DT.(Art 32 du code d’Incitations aux Investissements)"""
"""Quel est le nouveau taux d’imposition sur les bénéfices ?""";"""La loi 2006-80 du 18/12/2006 relative à la réforme fiscale a instauré la réduction du taux de 35% à 30% de l'impôt sur les bénéfices des sociétés. La réduction est applicable pour les résultats de l’année 2006. Demeurent soumis au taux de 35%: Les établissements de crédit régi par la loi 2001-65, les banques off-shore, société d’investissement, les compagnies d’assurance, les sociétés de recouvrement de créances, les opérateurs de réseaux des télécommunications, les sociétés de services dans les secteurs des hydrocarbures, les entreprises exerçant dans le secteur du transport des hydrocarbures, les entreprises exerçant dans le secteur de raffinage de pétrole. Par ailleurs, cette loi a instauré, également, un régime définitif pour l'exportation : suppression de l'exonération totale à compter du 1/1/2008, déductibilité des deux tiers des revenus provenant de l'exportation de l'assiette soumise à l’I.R pour les personnes physiques, soumission des bénéfices provenant des exportations à l'I.S au taux de 10% pour les personnes morales à compter du 1/1/2008. NB : Maintien de la déduction totale des revenus provenant des exportations pour la durée restante pour les sociétés totalement exportatrices en activité avant le 1er janvier 2008 (durée prévue 10 ans)"""
"""Quels sont les nouveaux taux de la T.V.A ?""";"""Suppression du taux de 29% et son remplacement par un taux 18%, augmentation du taux de 10% à 12%, maintien du taux de 6%"""
"""Quoi de neuf concernant l’Encouragement à la création d’entreprises dans le cadre de l’article 19 et 20 de la loi de finances N° 2002-101 du 17-12-2002 ?""";"""Reconduction, dans les mêmes conditions, des mêmes avantages à savoir : Une prime d’investissement de 6% du coût de l’investissement, une prise en charge par l’état de la cotisation patronale au régime légal de la sécurité sociale, exonération de la contribution au FOPROLOS durant les 3 premières années d’activité, exonération de la T.F.P, octroi d’autres avantages prévus par le code d’incitations aux investissements, prorogation des délais d’application jusqu’au 31 décembre 2009."""
"""Quelle est la procédure de dépôt des demandes d’octroi d'avantages financiers au titre du développement régional ou agricole ?""";"""Les demandes pour le bénéfice des avantages financiers peuvent être déposées soit directement au siège de l'API soit à la Direction Régionale concernée par le projet. Le dépôt des dossiers d'avantages doit être fait au plus tard une année après la date d'entrée en production, le cachet du Bureau d'Ordre de l'API fait foi. Les dossiers doivent comporter : voir Checklist des pièces à fournir pour les demandes d’avantages financiers au titre du développement régional ou agricole."""
"""Quelle est la procédure de dépôt des demandes de déblocage des primes au titre du développement régional et agricole ?""";"""Voir checklist des pièces à fournir pour les demandes de déblocage des primes au titre du développement régional ou agricole."""
"""Quels sont les avantages fiscaux dont peut bénéficier un jeune diplômé lors de la création d’une entreprise ?""";"""La création d’un projet peut faire l’objet d’une attestation de dépôt de déclaration auprès des services de l’API. Cette attestation vous procure les avantages fiscaux (ART 7 et 9) du code d’incitation aux investissements. Les investissements nouveaux bénéficient : d’une prime d’investissement de 6% du coût de l’investissement, d’une prise en charge par l’Etat de la cotisation patronale au régime légal de la sécurité sociale si le projet est implanté dans une zone de développement régional, de l’exonération de la contribution au FOPROLOS, de l’exonération de la T.F.P. NB : Pour bénéficier des avantages de cette loi, l’investissement ne doit pas dépasser 100.000 DT."""
"""Les avantages financiers accordés à l’entreprise totalement exportatrice.""";"""L'API vous invite à consulter la rubrique : Avantages spécifiques - Régime totalement exportateur."""
"""Les critères pour bénéficier des 50% d’écoulement de la production sur le marché local pour les entreprises totalement exportatrices, prévu par l’article 16 du code d’incitations aux investissements ?""";"""En vertu des dispositions du Code d’incitation aux investissements, les entreprises industrielles, totalement exportatrices, peuvent être autorisées à effectuer des ventes, en Tunisie, portant sur une partie de leur propre production, dans la limite de 50% du chiffre d’affaires, à l’exportation départ usine et hors taxes, réalisé durant l’année calendaire précédente. Les ventes, sur le marché local, sont soumises à l’accomplissement préalable, des formalités de commerce extérieur et de change requises et, au paiement des droits de douane, selon les taux de démantèlement, prévus aux articles 10 et 11 de l’accord établissant une Association entre la République Tunisienne, d’une part, et la Communauté Européenne et ses Etats membres, d’autre part, et au paiement des autres taxes applicables à l’importation. NB: Le taux de 50% pour les entreprises nouvellement constituées est déterminé en fonction du chiffre d’affaires à l’export réalisé depuis l’entrée en production."""
"""Quelles sont les activités qui peuvent bénéficier des primes octroyées au titre du développement régional ?""";"""La liste des activités industrielles et de services arrêtée par le décret 94-492 ne sont pas toutes éligibles aux avantages financiers du développement régional. Pour le secteur industriel, les activités suivantes sont exclues des avantages financiers du développement régional : Le secteur des industries agricoles et alimentaires sont exclues : Boulangerie, Pâtisserie industrielle, Fabrication de condiments divers, Préparation de chicorée, préparation et torréfaction de café. Le secteur des industries des matériaux de construction, de la céramique et du verre sont exclues : Exploitation de carrières de pierres. Le secteur des industries diverses sont exclues : Développement et production de films. Pour les services l’API vous invite à consulter la rubrique : Activités éligibles aux avantages financiers de développement régional."""
"""Vous êtes Tunisien Résident à l’Étranger (TRE) et vous voulez créer un projet en Tunisie. Vous aimeriez connaître les procédures, les avantages qui vous sont accordés et les organismes à contacter etc. ?""";"""En plus des avantages accordés aux investisseurs en Tunisie, les tunisiens résidents à l’étranger ont des avantages supplémentaires. Ils bénéficient, dans le cadre d’un retour définitif ou provisoire, de la franchise douanière prévue par l’article 28 de la loi des finances pour la gestion 2013 et le décret N°2013-4632 du 18 Novembre 2013."""
"""Qu'est-ce que l'IRPP ?""";"""L'IRPP est l'Impôt sur le Revenu des Personnes Physiques appliqué aux revenus perçus par les personnes résidentes ou non en Tunisie."""
"""Qui doit payer l'IRPP ?""";"""Toute personne physique ayant des revenus imposables en Tunisie, qu’elle soit résidente ou non-résidente."""
"""Quel est le barème de l'IRPP ?""";"""Le barème varie selon les tranches de revenu annuel, allant de 0% à 35%."""
"""Quand déclarer l'IRPP ?""";"""Avant le 25 mars de chaque année pour les revenus de l'année précédente."""
"""Comment déclarer l'IRPP ?""";"""En ligne sur le portail fiscal ou en déposant une déclaration papier au bureau de contrôle des impôts."""
"""Quels revenus sont imposables ?""";"""Les salaires, revenus professionnels, revenus fonciers, et autres revenus imposables prévus par la loi."""
"""Les pensions de retraite sont-elles imposables ?""";"""Oui, sauf exemptions prévues par la loi."""
"""Peut-on déduire les charges familiales ?""";"""Oui, dans la limite des montants fixés par la loi."""
"""Que se passe-t-il en cas de retard de déclaration ?""";"""Des pénalités et majorations de retard sont appliquées."""
"""Peut-on corriger une déclaration IRPP ?""";"""Oui, en déposant une déclaration rectificative."""
"""Qu'est-ce que la TVA ?""";"""La TVA est une taxe sur la consommation appliquée à la vente de biens et services en Tunisie."""
"""Quels sont les taux de TVA en Tunisie ?""";"""Les taux sont généralement de 19%, 13% ou 7% selon la nature du produit ou service."""
"""Qui est redevable de la TVA ?""";"""Les entreprises et professionnels assujettis à la TVA."""
"""Comment déclarer la TVA ?""";"""En ligne sur le portail fiscal ou auprès du bureau de contrôle fiscal."""
"""Quelle est la fréquence de déclaration de la TVA ?""";"""Mensuelle ou trimestrielle selon le régime fiscal."""
"""Les exportations sont-elles soumises à la TVA ?""";"""Non, elles sont exonérées."""
"""Les services médicaux sont-ils soumis à la TVA ?""";""" Non, ils sont exonérés."""
"""Comment demander un crédit de TVA ?""";"""En déposant une demande au bureau de contrôle avec justificatifs."""
"""Que se passe-t-il en cas de non-déclaration de la TVA ?""";"""Des pénalités et intérêts de retard sont appliqués."""
"""Peut-on récupérer la TVA sur les achats professionnels ?""";"""Oui, si les achats sont liés à l'activité assujettie."""
"""Qu'est-ce que l'impôt sur les sociétés ?""";"""C'est un impôt sur les bénéfices réalisés par les sociétés en Tunisie."""
"""Quel est le taux normal de l'IS ?""";"""Le taux normal est de 15%, avec des taux spécifiques pour certains secteurs."""
"""Quand payer l'IS ?""";"""L'IS est payé en quatre acomptes provisionnels au cours de l'année."""
"""Les associations paient-elles l'IS ?""";"""Non, sauf si elles exercent des activités commerciales imposables."""
"""Les dividendes sont-ils soumis à l'IS ?""";"""Non, mais ils sont soumis à la retenue à la source pour les bénéficiaires"""
"""Comment déclarer l'IS ?""";"""Via le portail fiscal ou directement au bureau de contrôle."""
"""Les pertes peuvent-elles être déduites ?""";"""Oui, selon les règles prévues par la loi."""
"""Y a-t-il un taux réduit pour les nouvelles entreprises ?""";"""Oui, dans certains cas, notamment pour les startups."""
"""Les entreprises offshore paient-elles l'IS ?""";"""Oui, mais avec des régimes spécifiques."""
"""Quelles sont les sanctions en cas de non-paiement de l’IS ?""";"""Majoration de retard et pénalités financières."""
"""Qu’est-ce que la CNSS ?""";"""La Caisse Nationale de Sécurité Sociale gère les cotisations et prestations sociales en Tunisie."""
"""Qui doit s’inscrire à la CNSS ?""";"""Tout employeur et travailleur salarié ou non-salarié exerçant une activité en Tunisie."""
"""Quel est le taux de cotisation CNSS pour un salarié ?""";"""Environ 25%, partagé entre l’employeur et le salarié."""
"""Quand payer les cotisations CNSS ?""";"""Avant le 15 du mois suivant la période de travail."""
"""Comment déclarer les salaires à la CNSS ?""";"""Via le portail de la CNSS ou directement au guichet."""
"""Les travailleurs indépendants doivent-ils cotiser ?""";"""Oui, au régime des non-salariés de la CNSS."""
"""Que se passe-t-il si je ne paie pas la CNSS ?""";"""Des pénalités et majorations sont appliquées."""
"""Les stagiaires doivent-ils être déclarés à la CNSS ?""";"""Non, sauf s’ils sont rémunérés et liés par un contrat."""
"""Peut-on payer la CNSS en ligne ?""";"""Oui, via le portail de la CNSS ou les banques partenaires."""
"""La CNSS couvre-t-elle les accidents du travail ?""";"""Oui, dans le cadre des régimes de sécurité sociale."""
"""Qu’est-ce qu’une exonération fiscale ?""";"""C’est une dispense partielle ou totale du paiement d’un impôt."""
"""Qui peut bénéficier d’une exonération d’IRPP ?""";"""Certaines catégories comme les personnes handicapées ou les nouveaux investisseurs selon la loi."""
"""Quels revenus sont exonérés d’IRPP ?""";"""Les revenus agricoles dans certaines conditions, pensions militaires, etc"""
"""Quelles dépenses sont déductibles de l’IRPP ?""";"""Les charges familiales et certaines dépenses médicales."""
"""Les dons sont-ils déductibles ?""";"""Oui, s’ils sont versés à des organismes agréés"""
"""Existe-t-il des exonérations pour les jeunes entreprises ?""";"""Oui, selon le code d’incitations à l’investissement."""
"""Les exportateurs bénéficient-ils d’une exonération de TVA ?""";"""Oui, les exportations sont exonérées."""
"""Les biens importés peuvent-ils être exonérés de droits et taxes ?""";"""Oui, dans certains cas prévus par la loi."""
"""Les retraités à l’étranger paient-ils des impôts en Tunisie ?""";"""Pas si leurs revenus sont imposés dans le pays d’origine selon les conventions."""
"""Peut-on bénéficier de plusieurs exonérations ?""";"""Oui, si elles ne se cumulent pas illégalement."""
"""Quelles sont les pénalités pour retard de paiement d’impôt ?""";"""Une majoration calculée en pourcentage du montant dû plus des intérêts."""
"""Y a-t-il une pénalité pour déclaration tardive ?""";"""Oui, un montant fixe ou un pourcentage du montant dû."""
"""Comment éviter les pénalités ?""";"""En respectant les délais de déclaration et de paiement."""
"""Peut-on demander la remise d’une pénalité ?""";"""Oui, via une demande motivée au bureau de contrôle."""
"""Les pénalités sont-elles déductibles d’impôts ?""";"""Non, elles ne sont pas déductibles"""
"""Existe-t-il un délai de prescription pour les pénalités ?""";"""Oui, généralement 4 ans sauf fraude"""
"""Les pénalités s’appliquent-elles aux acomptes provisionnels ?""";"""Oui, en cas de retard ou non-paiement."""
"""Une erreur involontaire entraîne-t-elle une pénalité ?""";"""Oui, sauf si elle est corrigée rapidement."""
"""Les intérêts de retard sont-ils calculés par jour ?""";"""Oui, selon un taux légal annuel proratisé."""
"""Les pénalités peuvent-elles être contestées ?""";"""Oui, par voie de réclamation ou recours administratif."""
"""Comment payer mes impôts en Tunisie ?""";"""En ligne via le portail fiscal, à la banque ou au bureau de poste."""
"""Peut-on payer les impôts par carte bancaire ?""";"""Oui, sur le portail fiscal sécurisé."""
"""Peut-on payer en plusieurs fois ?""";"""Dans certains cas avec autorisation préalable"""
"""Quels documents sont nécessaires pour payer ?""";"""Numéro fiscal et référence de déclaration."""
"""Les paiements en espèces sont-ils acceptés ?""";"""Oui, au bureau de poste ou au bureau des impôts."""
"""Puis-je payer l’impôt d’une autre personne ?""";"""Oui, avec ses références fiscales."""
"""Le paiement en ligne est-il sécurisé ?""";"""Oui, via des protocoles sécurisés."""
"""Peut-on payer à l’étranger ?""";"""Oui, via transfert bancaire international."""
"""Comment obtenir un reçu de paiement ?""";""" Automatiquement après paiement en ligne ou au guichet."""
"""Que faire si le paiement n’est pas pris en compte ?""";"""Contacter le bureau de contrôle avec la preuve de paiement."""
"""Comment contester un avis d’imposition ?""";"""Déposer une réclamation écrite au bureau de contrôle dans les 60 jours suivant la notification"""
"""Quels documents joindre à une réclamation fiscale ?""";"""L’avis contesté, justificatifs et pièce d’identité."""
"""Peut-on contester une pénalité fiscale ?""";"""Oui, par la même procédure que pour un impôt."""
"""Quel est le délai de réponse de l’administration fiscale ?""";"""En général, 6 mois à compter de la réception de la réclamation"""
"""Que faire si ma réclamation est rejetée ?""";"""Saisir la commission de conciliation ou le tribunal compétent."""
"""Peut-on suspendre le paiement en attendant la décision ?""";"""Oui, dans certains cas avec garantie bancaire."""
"""Les frais de justice sont-ils remboursés si je gagne ?""";"""Oui, sur décision du tribunal"""
"""Où déposer ma réclamation ?""";"""Au bureau des impôts dont vous dépendez."""
"""Une réclamation peut-elle être déposée en ligne ?""";"""Oui, via le portail fiscal sécurisé."""
"""Est-il nécessaire d’avoir un avocat pour contester ?""";"""Non, mais c’est recommandé pour les affaires complexes."""
"""Qu’est-ce que la taxe foncière ?""";"""Un impôt local sur la propriété immobilière."""
"""Qui paie la taxe d’habitation ?""";"""Le propriétaire ou l’occupant d’un logement."""
"""Comment calculer la taxe foncière ?""";"""Selon la valeur locative cadastrale fixée par la municipalité."""
"""Quand payer la taxe foncière ?""";"""Une fois par an, selon les dates fixées par la municipalité."""
"""Les terrains agricoles sont-ils imposables ?""";"""Oui, sauf exemptions prévues par la loi."""
"""Qu’est-ce que la patente ?""";"""Une taxe annuelle sur l’exercice d’une activité commerciale."""
"""Les associations paient-elles la taxe d’habitation ?""";"""Non, si elles sont reconnues d’utilité publique."""
"""Où payer mes taxes municipales ?""";"""À la recette municipale ou en ligne si disponible."""
"""Peut-on contester un montant de taxe locale ?""";"""Oui, par réclamation à la municipalité."""
"""Les exonérations fiscales locales existent-elles ?""";"""Oui, pour certains projets ou zones."""
"""Qu’est-ce que la retenue à la source ?""";"""Un prélèvement effectué par le payeur sur un revenu versé."""
"""Qui doit pratiquer la retenue à la source ?""";"""Les employeurs et certains débiteurs professionnels"""
"""Quels revenus sont soumis à retenue à la source ?""";"""Salaires, honoraires, loyers, dividendes, etc"""
"""Quand verser la retenue à la source à l’État ?""";"""Avant le 15 du mois suivant le paiement du revenu."""
"""Que se passe-t-il si on oublie de pratiquer la retenue ?""";"""L’entreprise devient redevable du montant non prélevé."""
"""Qu’est-ce qu’un acompte provisionnel ?""";"""Un paiement anticipé d’impôt sur le revenu ou sur les sociétés."""
"""Qui doit verser un acompte provisionnel ?""";"""Les contribuables réalisant un revenu imposable significatif"""
"""Peut-on modifier le montant d’un acompte provisionnel ?""";"""Oui, avec justification et accord de l’administration."""
"""Qu’est-ce que la déclaration de change ?""";"""Une obligation pour les opérations en devises."""
"""Les revenus en ligne sont-ils imposables en Tunisie ?""";"""Oui, s’ils sont perçus par un résident fiscal tunisien."""
"""Comment déclarer un revenu provenant d’un travail indépendant ponctuel ?""";"""Ce revenu doit être ajouté dans la catégorie des bénéfices non commerciaux dans la déclaration annuelle."""
"""Les pensions de retraite étrangères sont-elles imposables en Tunisie ?""";"""Oui, sauf si une convention de non-double imposition prévoit une exonération."""
"""Comment déduire les frais médicaux dans la déclaration d’impôt ?""";"""En les inscrivant dans les charges déductibles, sur présentation des justificatifs."""
"""Un étudiant qui travaille à mi-temps doit-il déclarer ses revenus ?""";"""Oui, si ses revenus annuels dépassent le seuil d’exonération."""
"""Les pourboires sont-ils imposables ?""";"""Oui, s’ils font partie intégrante de la rémunération."""
"""Peut-on déduire les intérêts d’un prêt étudiant ?""";"""Oui, si le prêt est contracté pour des études supérieures et justifié par des documents."""
"""Les revenus en crypto-monnaie sont-ils imposables ?""";"""Oui, en tant que revenus divers, convertis en dinars au taux en vigueur."""
"""Comment déclarer un revenu provenant d’un bien à l’étranger ?""";"""En l’incluant dans le revenu global et en appliquant, le cas échéant, la convention fiscale."""
"""Les allocations familiales sont-elles imposables ?""";"""Non, elles sont exonérées d’impôt."""
"""Peut-on corriger une déclaration déjà envoyée ?""";"""Oui, en déposant une déclaration rectificative avant la clôture de l’année fiscale."""
"""Quelles sociétés sont soumises au taux réduit de 15 % ?""";"""Celles exerçant dans des secteurs prioritaires définis par la loi de finances."""
"""Comment déclarer un déficit fiscal en IS ?""";"""En le reportant sur les exercices suivants, dans la limite de 5 ans."""
"""Les dons faits par une société sont-ils déductibles ?""";"""Oui, s’ils sont accordés à des organismes reconnus d’utilité publique."""
"""Une société en sommeil doit-elle payer l’IS ?""";"""Oui, sauf si elle a été formellement mise en liquidation."""
"""Les provisions pour litiges sont-elles déductibles ?""";"""Oui, si elles sont justifiées et comptabilisées correctement."""
"""Quel est le taux d’IS pour les banques ?""";"""Le taux normal est de 35 %."""
"""Les subventions reçues sont-elles imposables ?""";"""Oui, sauf exonération spécifique prévue par la loi."""
"""Comment comptabiliser un crédit d’impôt non utilisé ?""";"""En le reportant sur les exercices suivants."""
"""Les frais de représentation sont-ils déductibles ?""";"""Oui, dans les limites fixées par la réglementation fiscale."""
"""Les pertes en capital sont-elles déductibles ?""";"""Oui, si elles concernent des actifs utilisés pour l’activité de la société."""
"""Comment récupérer la TVA sur un achat à l’étranger ?""";"""Par imputation si l’achat est lié à l’activité taxable et que la TVA est facturée conformément aux règles."""
"""Une facture sans mention du numéro d’identification fiscale est-elle valide pour la TVA ?""";"""Non, elle n’est pas déductible."""
"""Qu’est-ce que la TVA sur marge ?""";"""Un régime applicable aux biens d’occasion, calculée uniquement sur la marge bénéficiaire."""
"""Comment fonctionne le remboursement de crédit de TVA ?""";"""Sur demande, avec justificatifs, dans les cas prévus par la loi."""
"""La TVA est-elle applicable sur les prestations en ligne vendues à l’étranger ?""";"""Non, si le consommateur est situé hors de Tunisie."""
"""Quelles opérations sont exonérées de TVA ?""";"""Exportations, enseignement, services médicaux, etc."""
"""Un auto-entrepreneur est-il soumis à la TVA ?""";"""Oui, s’il dépasse le seuil de chiffre d’affaires imposable."""
"""Comment déclarer la TVA en cas de double activité ?""";"""En ventilant les opérations taxables et exonérées."""
"""Les acomptes sont-ils soumis à la TVA ?""";"""Oui, au moment de leur encaissement."""
"""La TVA est-elle récupérable sur les véhicules de tourisme ?""";"""Non, sauf pour certaines activités spécifiques comme la location."""
"""Quel taux appliquer sur des honoraires payés à un résident ?""";"""15 % sauf exceptions prévues par la loi."""
"""La retenue à la source est-elle applicable sur les loyers commerciaux ?""";"""Oui, au taux de 15 %."""
"""Comment déclarer une retenue à la source non versée à temps ?""";"""En régularisant le paiement avec les pénalités applicables."""
"""Un contrat de prestation avec un non-résident est-il soumis à retenue ?""";"""Oui, sauf si une convention fiscale prévoit un autre taux."""
"""La retenue à la source s’applique-t-elle sur les dividendes versés à une société tunisienne ?""";"""Non, si la société bénéficiaire est résidente et soumise à l’IS."""
"""Comment éviter la double imposition sur un paiement à l’étranger ?""";"""En appliquant la convention fiscale avec le pays concerné."""
"""Les remboursements de prêts sont-ils soumis à retenue ?""";"""Non, sauf intérêts inclus."""
"""La retenue à la source sur les jeux concours est de combien ?""";"""25 %."""
"""Les prestations intellectuelles sont-elles soumises à retenue ?""";"""Oui, au taux de 15 %."""
"""Comment déclarer plusieurs retenues à la source dans le mois ?""";"""En les regroupant dans une seule déclaration mensuelle."""
"""Quelle est la base de calcul des cotisations CNSS ?""";"""Elle correspond au salaire brut soumis à cotisation dans la limite du plafond légal."""
"""Quelles sont les obligations des employeurs vis-à-vis de la CNSS ?""";"""Déclaration des salariés et paiement mensuel des cotisations."""
"""Comment déclarer un nouvel employé à la CNSS ?""";"""Via la déclaration sociale nominative sur le portail CNSS."""
"""Quel est le délai légal pour déclarer un salarié ?""";"""Avant le début de la période de travail."""
"""Les indemnités de licenciement sont-elles soumises à la CNSS ?""";"""Non, elles sont exonérées de cotisations sociales."""
"""Que faire en cas de contestation d’un avis de cotisation CNSS ?""";"""Déposer une réclamation auprès de la CNSS dans les délais impartis."""
"""La CNSS couvre-t-elle les congés maternité ?""";"""Oui, sous conditions d’affiliation et de cotisations régulières."""
"""Comment récupérer un numéro d’affiliation CNSS ?""";"""En contactant le bureau CNSS ou via le portail en ligne."""
"""Les travailleurs agricoles doivent-ils cotiser à la CNSS ?""";"""Oui, ils relèvent d’un régime spécifique."""
"""Quelles sanctions en cas de non-paiement des cotisations CNSS ?""";"""Amendes, majorations et poursuites judiciaires."""
"""Quelles sont les principales dépenses déductibles de l’IS ?""";"""Charges d’exploitation, amortissements, intérêts d’emprunt, frais de personnel."""
"""Les investissements dans les zones défavorisées bénéficient-ils d’exonérations ?""";"""Oui, selon les incitations fiscales prévues par la loi."""
"""Comment justifier une exonération fiscale ?""";"""Par la présentation des documents officiels délivrés par l’administration."""
"""Les revenus agricoles bénéficient-ils d’exonérations ?""";"""Oui, sous certaines conditions liées à la nature de l’activité."""
"""Qu’est-ce que la franchise en base de TVA ?""";"""C’est l’exonération de TVA pour les petits contribuables en dessous d’un seuil de chiffre d’affaires."""
"""Les dons faits aux hôpitaux publics sont-ils exonérés ?""";"""Oui, ils peuvent ouvrir droit à une réduction d’impôt."""
"""Peut-on cumuler plusieurs exonérations ?""";"""Sous réserve que les conditions de chaque exonération soient respectées."""
"""Les entreprises exportatrices bénéficient-elles d’exonérations de droits de douane ?""";"""Oui, sur les biens d’équipement importés nécessaires à leur activité."""
"""Les intérêts d’emprunt sont-ils toujours déductibles ?""";"""Non, uniquement s’ils sont liés à l’activité professionnelle."""
"""Quels avantages fiscaux pour les start-ups ?""";"""Exonérations temporaires d’impôt et facilités de paiement."""
"""Quel est le taux de la majoration pour retard de paiement ?""";"""Généralement 10% du montant dû, plus intérêts au taux légal."""
"""Existe-t-il des pénalités pour non-timbre fiscal ?""";"""Oui, une amende est applicable."""
"""Peut-on négocier une remise de pénalités ?""";"""Oui, avec une demande motivée auprès de l’administration fiscale."""
"""Les pénalités s’appliquent-elles en cas de force majeure ?""";"""Elles peuvent être annulées si la force majeure est prouvée."""
"""Comment contester une pénalité fiscale ?""";"""Par une réclamation écrite dans les délais légaux"""
"""La majoration s’applique-t-elle aux acomptes provisionnels ?""";"""Oui, en cas de retard ou non-paiement."""
"""Quel est le délai pour payer une pénalité ?""";"""En même temps que l’impôt principal."""
"""Peut-on payer une pénalité en plusieurs fois ?""";"""Oui, sur accord préalable de l’administration."""
"""Les pénalités sont-elles fiscalement déductibles ?""";"""Non, elles ne sont pas déductibles."""
"""Quelles sont les sanctions pénales en cas de fraude fiscale ?""";"""Amendes lourdes et peines de prison."""
"""Peut-on payer les impôts par chèque ?""";"""Oui, auprès des banques agréées."""
"""Comment obtenir un échéancier de paiement ?""";"""En faisant une demande motivée à l’administration fiscale."""
"""Le paiement en retard entraîne-t-il des pénalités ?""";"""Oui, majorations et intérêts sont appliqués."""
"""Puis-je payer mes impôts via une agence bancaire ?""";"""Oui, dans les banques habilitées à collecter les impôts."""
"""Quels moyens de paiement en ligne sont acceptés ?""";"""Carte bancaire, virement bancaire, et plateformes de paiement agréées."""
"""Peut-on annuler un paiement en ligne erroné ?""";"""Non, il faut contacter l’administration fiscale pour un remboursement."""
"""Comment prouver un paiement en cas de litige ?""";"""Avec le reçu ou l’attestation délivrée par le système de paiement."""
"""Peut-on payer un impôt pour une autre personne ?""";"""Oui, en disposant des références fiscales."""
"""Le paiement partiel d’un impôt est-il accepté ?""";"""En général non, sauf accord spécifique."""
"""Comment régulariser un paiement en retard ?""";"""En payant le principal, les pénalités et intérêts dus."""
"""Quelles sont les étapes d’une procédure contentieuse fiscale ?""";"""Réclamation, commission de conciliation, tribunal administratif."""
"""Peut-on faire appel d’une décision fiscale ?""";"""Oui, devant la Cour administrative."""
"""Quel est le délai pour déposer une réclamation ?""";"""60 jours à compter de la notification de l’acte contesté."""
"""Qu’est-ce qu’une commission de conciliation ?""";"""Un organe chargé de régler à l’amiable les litiges fiscaux."""
"""Peut-on être assisté par un expert-comptable lors d’un contentieux ?""";"""Oui, il peut représenter le contribuable."""
"""Que se passe-t-il si la réclamation est acceptée ?""";"""L’administration modifie ou annule l’acte contesté"""
"""Et si la réclamation est rejetée ?""";"""Le contribuable peut saisir le tribunal compétent."""
"""Quels sont les recours en cas de silence de l’administration ?""";"""Considéré comme rejet tacite, possibilité de recours judiciaire."""
"""Peut-on suspendre l’exécution de l’impôt contesté ?""";"""Oui, sous conditions, notamment la constitution d’une garantie."""
"""Quels documents doivent accompagner la réclamation ?""";"""Copies de l’acte contesté, pièces justificatives, courrier motivé."""
"""Comment est calculée la taxe professionnelle ?""";"""Sur la base du chiffre d’affaires et/ou de la valeur locative."""
"""Quels sont les contribuables de la taxe d’enlèvement des ordures ménagères ?""";"""Tous les propriétaires et locataires concernés."""
"""La taxe d’habitation est-elle due par les locataires ?""";"""Oui, sauf dispositions contraires du bail."""
"""Quelles exonérations existent pour la taxe foncière ?""";"""Pour les bâtiments publics, associations et certains logements sociaux."""
"""Comment contester un avis de taxe locale ?""";"""Par réclamation auprès de la municipalité."""
"""Quels documents justifient une exonération locale ?""";"""Attestation délivrée par l’administration locale."""
"""La taxe locale s’applique-t-elle aux terrains agricoles ?""";"""Oui, selon le régime fiscal local."""
"""Quelles sont les dates limites de paiement des taxes locales ?""";"""Fixées annuellement par la municipalité."""
"""Peut-on payer les taxes locales en ligne ?""";"""Oui, dans certaines communes équipées."""
"""Quelle est la différence entre taxe professionnelle et patente ?""";"""La patente est une taxe spécifique sur l’activité commerciale, différente de la taxe professionnelle."""
